,Single-ended 12 Ave. (V),Differential 13 - 14 Last (V),Differential 13 - 14 Ave. (V),Differential 13 - 14 Min. (V),Differential 13 - 14 Max. (V),Differential 15 - 16 Last (V),Differential 15 - 16 Ave. (V),Differential 15 - 16 Min. (V),Differential 15 - 16 Max. (V)
00:00:00,22.145192048787997,21.768533280496563,21.768533280496563,21.768533280496563,21.768533280496563,21.49656082660694,21.49656082660694,21.49656082660694,21.49656082660694
00:00:01,22.145192048787997,21.793250246100897,21.793250246100897,21.793250246100897,21.793250246100897,21.471828248992836,21.471828248992836,21.471828248992836,21.471828248992836
00:00:02,22.145192048787997,21.743815015191437,21.743815015191437,21.743815015191437,21.743815015191437,21.52129210191935,21.52129210191935,21.52129210191935,21.52129210191935
00:00:03,22.19262603350229,21.76651818252846,21.76651818252846,21.76651818252846,21.76651818252846,21.51927594340416,21.51927594340416,21.51927594340416,21.51927594340416
00:00:04,22.2210868377803,21.770255287468625,21.770255287468625,21.770255287468625,21.770255287468625,21.52301501517572,21.52301501517572,21.52301501517572,21.52301501517572
00:00:05,22.230573841449726,21.75502282699166,21.75502282699166,21.75502282699166,21.75502282699166,21.557234605497236,21.557234605497236,21.557234605497236,21.557234605497236
00:00:06,22.240060879574706,21.739790092683172,21.739790092683172,21.739790092683172,21.739790092683172,21.715070315753934,21.715070315753934,21.715070315753934,21.715070315753934
00:00:07,22.287496587043307,21.83665239256207,21.83665239256207,21.83665239256207,21.83665239256207,21.614173444398986,21.614173444398986,21.614173444398986,21.614173444398986
00:00:08,22.268522200686046,21.792965967900724,21.792965967900724,21.792965967900724,21.792965967900724,21.59519371855795,21.59519371855795,21.59519371855795,21.59519371855795
00:00:09,22.296983831908154,21.77199135371491,21.77199135371491,21.77199135371491,21.77199135371491,21.64838793502287,21.64838793502287,21.64838793502287,21.64838793502287
00:00:10,22.287496587043307,21.78722172571527,21.78722172571527,21.78722172571527,21.78722172571527,21.663622312825638,21.663622312825638,21.663622312825638,21.663622312825638
00:00:11,21.395849380182447,21.53903714695914,21.53903714695914,21.53903714695914,21.53903714695914,20.771790019406197,20.771790019406197,20.771790019406197,20.771790019406197
00:00:12,21.642444757424755,22.920885577027306,22.920885577027306,22.920885577027306,22.920885577027306,21.092708029040192,21.092708029040192,21.092708029040192,21.092708029040192
00:00:13,21.72781011924211,24.138593236140547,24.138593236140547,24.138593236140547,24.138593236140547,21.277062962077714,21.277062962077714,21.277062962077714,21.277062962077714
00:00:14,21.50017535292663,24.57625303265535,24.57625303265535,24.57625303265535,24.57625303265535,21.024705080787676,21.024705080787676,21.024705080787676,21.024705080787676
00:00:15,21.547597626900032,25.016250753984586,25.016250753984586,25.016250753984586,25.016250753984586,21.195878472870845,21.195878472870845,21.195878472870845,21.195878472870845
00:00:16,21.68986961405144,25.549819983929787,25.549819983929787,25.549819983929787,25.549819983929787,21.338099758288774,21.338099758288774,21.338099758288774,21.338099758288774
00:00:17,21.509659738855493,25.616509617265624,25.616509617265624,25.616509617265624,25.616509617265624,21.23219729550543,21.23219729550543,21.23219729550543,21.23219729550543
00:00:18,21.424301505037914,25.458411777561025,25.458411777561025,25.458411777561025,25.458411777561025,21.196380125336354,21.196380125336354,21.196380125336354,21.196380125336354
00:00:19,21.65192965987474,25.781903357992586,25.781903357992586,25.781903357992586,25.781903357992586,21.498069938574375,21.498069938574375,21.498069938574375,21.498069938574375
00:00:20,21.528628614011062,25.73334904663489,25.73334904663489,25.73334904663489,25.73334904663489,21.44907367654997,21.44907367654997,21.44907367654997,21.44907367654997
00:00:21,21.310494864753046,25.39475549341527,25.39475549341527,25.39475549341527,25.39475549341527,21.255886149956307,21.255886149956307,21.255886149956307,21.255886149956307
00:00:22,21.462238153532958,25.275221945160343,25.275221945160343,25.275221945160343,25.275221945160343,21.506418064324674,21.506418064324674,21.506418064324674,21.506418064324674
00:00:23,21.519144159216843,25.258007035881093,25.258007035881093,25.258007035881093,25.258007035881093,21.637435770818573,21.637435770818573,21.637435770818573,21.637435770818573
00:00:24,21.803692782743425,25.221118552240053,25.221118552240053,25.221118552240053,25.221118552240053,21.822749073639866,21.822749073639866,21.822749073639866,21.822749073639866
00:00:25,21.898549211917928,25.118882862175376,25.118882862175376,25.118882862175376,25.118882862175376,21.793930160595878,21.793930160595878,21.793930160595878,21.793930160595878
00:00:26,21.395849380182447,24.497294053246204,24.497294053246204,24.497294053246204,24.497294053246204,21.29167511265456,21.29167511265456,21.29167511265456,21.29167511265456
00:00:27,21.263076894451252,24.168838043951215,24.168838043951215,24.168838043951215,24.168838043951215,21.18376614465525,21.18376614465525,21.18376614465525,21.18376614465525
00:00:28,21.22514313785899,23.83595618405063,23.83595618405063,23.83595618405063,23.83595618405063,21.31908773990971,21.31908773990971,21.31908773990971,21.31908773990971
00:00:29,21.38636540742265,23.89769967052132,23.89769967052132,23.89769967052132,23.89769967052132,21.776803209533014,21.776803209533014,21.776803209533014,21.776803209533014
00:00:30,21.3294622938561,23.767327000556975,23.767327000556975,23.767327000556975,23.767327000556975,22.115365525886983,22.115365525886983,22.115365525886983,22.115365525886983
00:00:31,21.24410994730649,23.510153180048214,23.510153180048214,23.510153180048214,23.510153180048214,22.375974950119506,22.375974950119506,22.375974950119506,22.375974950119506
00:00:32,21.34842986066718,23.44148148397513,23.44148148397513,23.44148148397513,23.44148148397513,22.80066603109774,22.80066603109774,22.80066603109774,22.80066603109774
00:00:33,21.38636540742265,23.45457909936681,23.45457909936681,23.45457909936681,23.45457909936681,23.13428899484391,23.13428899484391,23.13428899484391,23.13428899484391
00:00:34,21.253593403666667,23.223976949176144,23.223976949176144,23.223976949176144,23.223976949176144,23.347167761277234,23.347167761277234,23.347167761277234,23.347167761277234
00:00:35,21.319978562091407,23.16680773761635,23.16680773761635,23.16680773761635,23.16680773761635,24.299091064100555,24.299091064100555,24.299091064100555,24.299091064100555
00:00:36,21.367397565188597,23.189347331784834,23.189347331784834,23.189347331784834,23.189347331784834,25.647273503402264,25.647273503402264,25.647273503402264,25.647273503402264
00:00:37,21.291527573355328,23.015253535930754,23.015253535930754,23.015253535930754,23.015253535930754,26.33167042206309,26.33167042206309,26.33167042206309,26.33167042206309
00:00:38,21.3294622938561,22.905083692799604,22.905083692799604,22.905083692799604,22.905083692799604,26.39364054671572,26.39364054671572,26.39364054671572,26.39364054671572
00:00:39,21.433785615515735,22.910324614411195,22.910324614411195,22.910324614411195,22.910324614411195,26.398843065956083,26.398843065956083,26.398843065956083,26.398843065956083
00:00:40,21.357913695713954,22.736115585116355,22.736115585116355,22.736115585116355,22.736115585116355,26.201424513580214,26.201424513580214,26.201424513580214,26.201424513580214
00:00:41,21.680384573850752,22.934024733434534,22.934024733434534,22.934024733434534,22.934024733434534,26.42236953770074,26.42236953770074,26.42236953770074,26.42236953770074
00:00:42,21.90803504427803,23.11152475141215,23.11152475141215,23.11152475141215,23.11152475141215,26.525163565001286,26.525163565001286,26.525163565001286,26.525163565001286
00:00:43,21.74678057847389,22.852229063300918,22.852229063300918,22.852229063300918,22.852229063300918,26.34117326359135,26.34117326359135,26.34117326359135,26.34117326359135
00:00:44,22.050326663284984,23.08078273613863,23.08078273613863,23.08078273613863,23.08078273613863,26.61698704294463,26.61698704294463,26.61698704294463,26.61698704294463
00:00:45,22.07878591719912,23.035199681524592,23.035199681524592,23.035199681524592,23.035199681524592,26.547273529761174,26.547273529761174,26.547273529761174,26.547273529761174
00:00:46,22.059813046805935,22.96697977492284,22.96697977492284,22.96697977492284,22.96697977492284,26.430608334239196,26.430608334239196,26.430608334239196,26.430608334239196
00:00:47,22.03135399959168,22.864633059878944,22.864633059878944,22.864633059878944,22.864633059878944,26.28004246378871,26.28004246378871,26.28004246378871,26.28004246378871
00:00:48,22.040840314213437,22.775442954544676,22.775442954544676,22.775442954544676,22.775442954544676,26.191492550981334,26.191492550981334,26.191492550981334,26.191492550981334
00:00:49,22.040840314213437,22.72611075537874,22.72611075537874,22.72611075537874,22.72611075537874,26.240465491046443,26.240465491046443,26.240465491046443,26.240465491046443
00:00:50,22.012381473695218,22.697725496407426,22.697725496407426,22.697725496407426,22.697725496407426,26.261260686890996,26.261260686890996,26.261260686890996,26.261260686890996
00:00:51,22.012381473695218,22.72239372622779,22.72239372622779,22.72239372622779,22.72239372622779,26.310226461382385,26.310226461382385,26.310226461382385,26.310226461382385
00:00:52,22.050326663284984,22.73557256687499,22.73557256687499,22.73557256687499,22.73557256687499,26.37226536234101,26.37226536234101,26.37226536234101,26.37226536234101
00:00:53,22.088272404071354,22.773420105653305,22.773420105653305,22.773420105653305,22.773420105653305,26.50771981170023,26.50771981170023,26.50771981170023,26.50771981170023
00:00:54,22.097758925394917,22.807545838838067,22.807545838838067,22.807545838838067,22.807545838838067,26.614981594788585,26.614981594788585,26.614981594788585,26.614981594788585
00:00:55,22.11673207139602,23.393357459407294,23.393357459407294,23.393357459407294,23.393357459407294,26.95169294929298,26.95169294929298,26.95169294929298,26.95169294929298
00:00:56,22.145192048787997,24.725356913214128,24.725356913214128,24.725356913214128,24.725356913214128,28.029913396942195,28.029913396942195,28.029913396942195,28.029913396942195
00:00:57,22.154678776824127,25.47109555842801,25.47109555842801,25.47109555842801,25.47109555842801,28.916627988562464,28.916627988562464,28.916627988562464,28.916627988562464
00:00:58,22.173652336255753,25.931139483525424,25.931139483525424,25.931139483525424,25.931139483525424,29.47066603981725,29.47066603981725,29.47066603981725,29.47066603981725
00:00:59,22.20211293380697,26.375655159381473,26.375655159381473,26.375655159381473,26.375655159381473,29.911913020171333,29.911913020171333,29.911913020171333,29.911913020171333
00:01:00,22.21159986856605,26.752073783962363,26.752073783962363,26.752073783962363,26.752073783962363,30.212725156594733,30.212725156594733,30.212725156594733,30.212725156594733
00:01:01,22.20211293380697,26.962772402753682,26.962772402753682,26.962772402753682,26.962772402753682,30.470454962379417,30.470454962379417,30.470454962379417,30.470454962379417
00:01:02,22.230573841449726,27.13757476300818,27.13757476300818,27.13757476300818,27.13757476300818,30.643986741258228,30.643986741258228,30.643986741258228,30.643986741258228
00:01:03,22.249547952155623,27.425077759829048,27.425077759829048,27.425077759829048,27.425077759829048,30.808150437149415,30.808150437149415,30.808150437149415,30.808150437149415
00:01:04,22.230573841449726,27.528442989481597,27.528442989481597,27.528442989481597,27.528442989481597,30.91079174326336,30.91079174326336,30.91079174326336,30.91079174326336
00:01:05,22.25903505919248,27.62980402422779,27.62980402422779,27.62980402422779,27.62980402422779,30.987199395751905,30.987199395751905,30.987199395751905,30.987199395751905
00:01:06,22.268522200686046,27.761226346766957,27.761226346766957,27.761226346766957,27.761226346766957,31.117708898214044,31.117708898214044,31.117708898214044,31.117708898214044
00:01:07,22.25903505919248,27.84948073419635,27.84948073419635,27.84948073419635,27.84948073419635,31.156881087214206,31.156881087214206,31.156881087214206,31.156881087214206
00:01:08,22.25903505919248,27.89828410638286,27.89828410638286,27.89828410638286,27.89828410638286,31.181116477455046,31.181116477455046,31.181116477455046,31.181116477455046
00:01:09,22.296983831908154,27.984536534680664,27.984536534680664,27.984536534680664,27.984536534680664,31.31524203239984,31.31524203239984,31.31524203239984,31.31524203239984
00:01:10,22.278009376636323,28.112169155794522,28.112169155794522,28.112169155794522,28.112169155794522,31.369325474326835,31.369325474326835,31.369325474326835,31.369325474326835
00:01:11,22.287496587043307,28.145918287377988,28.145918287377988,28.145918287377988,28.145918287377988,31.427070527366258,31.427070527366258,31.427070527366258,31.427070527366258
00:01:12,22.30647111123048,28.237793874535168,28.237793874535168,28.237793874535168,28.237793874535168,31.42144192061246,31.42144192061246,31.42144192061246,31.42144192061246
00:01:13,22.315958425010663,28.344673632582996,28.344673632582996,28.344673632582996,28.344673632582996,31.479181414365847,31.479181414365847,31.479181414365847,31.479181414365847
00:01:14,22.30647111123048,28.31093782771398,28.31093782771398,28.31093782771398,28.31093782771398,31.59097168552617,31.59097168552617,31.59097168552617,31.59097168552617
00:01:15,22.296983831908154,28.399090258242946,28.399090258242946,28.399090258242946,28.399090258242946,31.58167767187902,31.58167767187902,31.58167767187902,31.58167767187902
00:01:16,22.315958425010663,28.46654689358534,28.46654689358534,28.46654689358534,28.46654689358534,31.624478974858295,31.624478974858295,31.624478974858295,31.624478974858295
00:01:17,22.296983831908154,28.472209639841438,28.472209639841438,28.472209639841438,28.472209639841438,31.6301047954135,31.6301047954135,31.6301047954135,31.6301047954135
00:01:18,22.30647111123048,28.457192304424936,28.457192304424936,28.457192304424936,28.457192304424936,31.66360916730942,31.66360916730942,31.66360916730942,31.66360916730942
00:01:19,22.334933155945777,28.533994921270015,28.533994921270015,28.533994921270015,28.533994921270015,31.715695946577064,31.715695946577064,31.715695946577064,31.715695946577064
00:01:20,22.30647111123048,28.55467054561549,28.55467054561549,28.55467054561549,28.55467054561549,31.760442234312677,31.760442234312677,31.760442234312677,31.760442234312677
00:01:21,22.287496587043307,28.584698868649305,28.584698868649305,28.584698868649305,28.584698868649305,31.76606690970926,31.76606690970926,31.76606690970926,31.76606690970926
00:01:22,22.30647111123048,28.627766246470923,28.627766246470923,28.627766246470923,28.627766246470923,31.833054360667195,31.833054360667195,31.833054360667195,31.833054360667195
00:01:23,22.287496587043307,28.730870017167938,28.730870017167938,28.730870017167938,28.730870017167938,31.814475639736187,31.814475639736187,31.814475639736187,31.814475639736187
00:01:24,22.268522200686046,28.760888197701814,28.760888197701814,28.760888197701814,28.760888197701814,31.79589706899194,31.79589706899194,31.79589706899194,31.79589706899194
00:01:25,22.278009376636323,28.794591550201158,28.794591550201158,28.794591550201158,28.794591550201158,31.829389353805155,31.829389353805155,31.829389353805155,31.829389353805155
00:01:26,22.25903505919248,28.824606185000537,28.824606185000537,28.824606185000537,28.824606185000537,31.689779993162773,31.689779993162773,31.689779993162773,31.689779993162773
00:01:27,22.249547952155623,28.669114385726036,28.669114385726036,28.669114385726036,28.669114385726036,31.46255145268274,31.46255145268274,31.46255145268274,31.46255145268274
00:01:28,22.249547952155623,28.40106549473392,28.40106549473392,28.40106549473392,28.40106549473392,31.268746982957122,31.268746982957122,31.268746982957122,31.268746982957122
00:01:29,22.249547952155623,28.181641401397687,28.181641401397687,28.181641401397687,28.181641401397687,31.268746982957122,31.268746982957122,31.268746982957122,31.268746982957122
00:01:30,22.230573841449726,28.016579974542914,28.016579974542914,28.016579974542914,28.016579974542914,31.298609463461133,31.298609463461133,31.298609463461133,31.298609463461133
00:01:31,22.240060879574706,27.757532871836272,27.757532871836272,27.757532871836272,27.757532871836272,31.33213523426672,31.33213523426672,31.33213523426672,31.33213523426672
00:01:32,22.240060879574706,27.61106481113407,27.61106481113407,27.61106481113407,27.61106481113407,31.307907395391172,31.307907395391172,31.307907395391172,31.307907395391172
00:01:33,22.240060879574706,27.513394544162384,27.513394544162384,27.513394544162384,27.513394544162384,31.28367834546929,31.28367834546929,31.28367834546929,31.28367834546929
00:01:34,22.2210868377803,27.29924364562653,27.29924364562653,27.29924364562653,27.29924364562653,31.36199424086868,31.36199424086868,31.36199424086868,31.36199424086868
00:01:35,22.21159986856605,27.11881756661996,27.11881756661996,27.11881756661996,27.11881756661996,31.47381367771057,31.47381367771057,31.47381367771057,31.47381367771057
00:01:36,22.230573841449726,27.015362903426123,27.015362903426123,27.015362903426123,27.015362903426123,31.492401998966894,31.492401998966894,31.492401998966894,31.492401998966894
00:01:37,22.2210868377803,26.93263833288704,26.93263833288704,26.93263833288704,26.93263833288704,31.507326906217347,31.507326906217347,31.507326906217347,31.507326906217347
00:01:38,22.21159986856605,26.776532130333774,26.776532130333774,26.776532130333774,26.776532130333774,31.54646870172076,31.54646870172076,31.54646870172076,31.54646870172076
00:01:39,22.2210868377803,26.66361557465298,26.66361557465298,26.66361557465298,26.66361557465298,31.57997691111372,31.57997691111372,31.57997691111372,31.57997691111372
00:01:40,22.230573841449726,26.917570911366408,26.917570911366408,26.917570911366408,26.917570911366408,31.66190697119177,31.66190697119177,31.66190697119177,31.66190697119177
00:01:41,22.21159986856605,27.045491323053355,27.045491323053355,27.045491323053355,27.045491323053355,31.61911284568937,31.61911284568937,31.61911284568937,31.61911284568937
00:01:42,22.230573841449726,27.210886886697434,27.210886886697434,27.210886886697434,27.210886886697434,31.61348302166557,31.61348302166557,31.61348302166557,31.61348302166557
00:01:43,22.21159986856605,27.11881756661996,27.11881756661996,27.11881756661996,27.11881756661996,31.594899339562748,31.594899339562748,31.594899339562748,31.594899339562748
00:01:44,22.183139167652012,26.94400964955999,26.94400964955999,26.94400964955999,26.94400964955999,31.59123899372387,31.59123899372387,31.59123899372387,31.59123899372387
00:01:45,22.21159986856605,26.776532130333774,26.776532130333774,26.776532130333774,26.776532130333774,31.667536233445222,31.667536233445222,31.667536233445222,31.667536233445222
00:01:46,22.249547952155623,26.667316202221826,26.667316202221826,26.667316202221826,26.667316202221826,31.680488948419757,31.680488948419757,31.680488948419757,31.680488948419757
00:01:47,22.20211293380697,26.473558198736338,26.473558198736338,26.473558198736338,26.473558198736338,31.82769290443249,31.82769290443249,31.82769290443249,31.82769290443249
00:01:48,22.20211293380697,26.302214689939824,26.302214689939824,26.302214689939824,26.302214689939824,31.90029497547154,31.90029497547154,31.90029497547154,31.90029497547154
00:01:49,22.2210868377803,26.125114704775978,26.125114704775978,26.125114704775978,26.125114704775978,32.064032585333614,32.064032585333614,32.064032585333614,32.064032585333614
00:01:50,22.20211293380697,25.959342823557208,25.959342823557208,25.959342823557208,25.959342823557208,32.16640977458607,32.16640977458607,32.16640977458607,32.16640977458607
00:01:51,22.183139167652012,25.744495189218394,25.744495189218394,25.744495189218394,25.744495189218394,32.2929462067692,32.2929462067692,32.2929462067692,32.2929462067692
00:01:52,22.20211293380697,25.640740664012394,25.640740664012394,25.640740664012394,25.640740664012394,32.38403175347545,32.38403175347545,32.38403175347545,32.38403175347545
00:01:53,22.2210868377803,25.586004675671944,25.586004675671944,25.586004675671944,25.586004675671944,32.4509302215779,32.4509302215779,32.4509302215779,32.4509302215779
00:01:54,22.19262603350229,26.43969283055241,26.43969283055241,26.43969283055241,26.43969283055241,32.47144674241163,32.47144674241163,32.47144674241163,32.47144674241163
00:01:55,22.19262603350229,28.125490162938917,28.125490162938917,28.125490162938917,28.125490162938917,32.47144674241163,32.47144674241163,32.47144674241163,32.47144674241163
00:01:56,22.183139167652012,29.18806630670758,29.18806630670758,29.18806630670758,29.18806630670758,32.51051159065734,32.51051159065734,32.51051159065734,32.51051159065734
00:01:57,22.19262603350229,29.951184535433207,29.951184535433207,29.951184535433207,29.951184535433207,32.59228407869649,32.59228407869649,32.59228407869649,32.59228407869649
00:01:58,22.173652336255753,30.612388323604296,30.612388323604296,30.612388323604296,30.612388323604296,32.57373950635386,32.57373950635386,32.57373950635386,32.57373950635386
00:01:59,22.19262603350229,30.922068525046452,30.922068525046452,30.922068525046452,30.922068525046452,31.939405526542753,31.939405526542753,31.939405526542753,31.939405526542753
00:02:00,22.20211293380697,31.198019527279016,31.198019527279016,31.198019527279016,31.198019527279016,31.367627415589226,31.367627415589226,31.367627415589226,31.367627415589226
00:02:01,22.173652336255753,31.412414864865145,31.412414864865145,31.412414864865145,31.412414864865145,30.854960240946244,30.854960240946244,30.854960240946244,30.854960240946244
00:02:02,22.173652336255753,31.43663748193256,31.43663748193256,31.43663748193256,31.43663748193256,30.41824315173281,30.41824315173281,30.41824315173281,30.41824315173281
00:02:03,22.183139167652012,31.542807990457533,31.542807990457533,31.542807990457533,31.542807990457533,29.893265161143148,29.893265161143148,29.893265161143148,29.893265161143148
00:02:04,22.173652336255753,31.72721457824586,31.72721457824586,31.72721457824586,31.72721457824586,29.397698313259898,29.397698313259898,29.397698313259898,29.397698313259898
00:02:05,22.154678776824127,31.68442879413253,31.68442879413253,31.68442879413253,31.68442879413253,28.79486885659837,28.79486885659837,28.79486885659837,28.79486885659837
00:02:06,22.173652336255753,31.703006465374376,31.703006465374376,31.703006465374376,31.703006465374376,28.350609743778044,28.350609743778044,28.350609743778044,28.350609743778044
00:02:07,22.145192048787997,31.86878223859849,31.86878223859849,31.86878223859849,31.86878223859849,27.932328485952503,27.932328485952503,27.932328485952503,27.932328485952503
00:02:08,22.135705355205115,31.786889029312015,31.786889029312015,31.786889029312015,31.786889029312015,27.58125694533735,27.58125694533735,27.58125694533735,27.58125694533735
00:02:09,22.154678776824127,31.853866721855855,31.853866721855855,31.853866721855855,31.853866721855855,27.282483938039032,27.282483938039032,27.282483938039032,27.282483938039032
00:02:10,22.164165539313124,31.86315229741766,31.86315229741766,31.86315229741766,31.86315229741766,28.02423848768048,28.02423848768048,28.02423848768048,28.02423848768048
00:02:11,22.12621869607433,31.85021220077997,31.85021220077997,31.85021220077997,31.85021220077997,29.10770319198253,29.10770319198253,29.10770319198253,29.10770319198253
00:02:12,22.154678776824127,31.87806731386258,31.87806731386258,31.87806731386258,31.87806731386258,29.84099219563684,29.84099219563684,29.84099219563684,29.84099219563684
00:02:13,22.145192048787997,31.917180730333627,31.917180730333627,31.917180730333627,31.917180730333627,30.293195222662394,30.293195222662394,30.293195222662394,30.293195222662394
00:02:14,22.145192048787997,32.03815586628028,32.03815586628028,32.03815586628028,32.03815586628028,30.657247616916642,30.657247616916642,30.657247616916642,30.657247616916642
00:02:15,22.135705355205115,31.980486701669466,31.980486701669466,31.980486701669466,31.980486701669466,30.914742161762316,30.914742161762316,30.914742161762316,30.914742161762316
00:02:16,22.154678776824127,31.999052189657135,31.999052189657135,31.999052189657135,31.999052189657135,31.224227342165236,31.224227342165236,31.224227342165236,31.224227342165236
00:02:17,22.135705355205115,32.077256611245126,32.077256611245126,32.077256611245126,32.077256611245126,31.35101172217786,31.35101172217786,31.35101172217786,31.35101172217786
00:02:18,22.154678776824127,31.926464880375054,31.926464880375054,31.926464880375054,31.926464880375054,31.29691977407244,31.29691977407244,31.29691977407244,31.29691977407244
00:02:19,22.154678776824127,31.68442879413253,31.68442879413253,31.68442879413253,31.68442879413253,31.03032752171713,31.03032752171713,31.03032752171713,31.03032752171713
00:02:20,22.173652336255753,31.557732423376425,31.557732423376425,31.557732423376425,31.557732423376425,30.782201434737583,30.782201434737583,30.782201434737583,30.782201434737583
00:02:21,22.145192048787997,31.239162230687416,31.239162230687416,31.239162230687416,31.239162230687416,30.535927278873487,30.535927278873487,30.535927278873487,30.535927278873487
00:02:22,22.145192048787997,30.996782798906686,30.996782798906686,30.996782798906686,30.996782798906686,30.3660276419965,30.3660276419965,30.3660276419965,30.3660276419965
00:02:23,22.183139167652012,31.203655469920815,31.203655469920815,31.203655469920815,31.203655469920815,30.985503446525655,30.985503446525655,30.985503446525655,30.985503446525655
00:02:24,22.173652336255753,31.267053742647224,31.267053742647224,31.267053742647224,31.267053742647224,31.460858889115737,31.460858889115737,31.460858889115737,31.460858889115737
00:02:25,22.164165539313124,31.403120444649232,31.403120444649232,31.403120444649232,31.403120444649232,31.74213355599612,31.74213355599612,31.74213355599612,31.74213355599612
00:02:26,22.19262603350229,31.4552255053916,31.4552255053916,31.4552255053916,31.4552255053916,31.939405526542753,31.939405526542753,31.939405526542753,31.939405526542753
00:02:27,22.183139167652012,31.518590675543816,31.518590675543816,31.518590675543816,31.518590675543816,32.05109267758877,32.05109267758877,32.05109267758877,32.05109267758877
00:02:28,22.183139167652012,31.542807990457533,31.542807990457533,31.542807990457533,31.542807990457533,32.147848529288176,32.147848529288176,32.147848529288176,32.147848529288176
00:02:29,22.183139167652012,31.567024096444772,31.567024096444772,31.567024096444772,31.567024096444772,32.09947301126863,32.09947301126863,32.09947301126863,32.09947301126863
00:02:30,22.20211293380697,31.44029834859687,31.44029834859687,31.44029834859687,31.44029834859687,31.87609549112178,31.87609549112178,31.87609549112178,31.87609549112178
00:02:31,22.183139167652012,31.44593147505941,31.44593147505941,31.44593147505941,31.44593147505941,31.615452682513162,31.615452682513162,31.615452682513162,31.615452682513162
00:02:32,22.173652336255753,31.58194778441582,31.58194778441582,31.58194778441582,31.58194778441582,31.606161936881637,31.606161936881637,31.606161936881637,31.606161936881637
00:02:33,22.21159986856605,31.570684624979325,31.570684624979325,31.570684624979325,31.570684624979325,31.69174611551086,31.69174611551086,31.69174611551086,31.69174611551086
00:02:34,22.183139167652012,31.567024096444772,31.567024096444772,31.567024096444772,31.567024096444772,31.784914684653323,31.784914684653323,31.784914684653323,31.784914684653323
00:02:35,22.183139167652012,31.83332153557671,31.83332153557671,31.83332153557671,31.83332153557671,31.97851314390052,31.97851314390052,31.97851314390052,31.97851314390052
00:02:36,22.21159986856605,32.07894014534145,32.07894014534145,32.07894014534145,32.07894014534145,32.27242151096585,32.27242151096585,32.27242151096585,32.27242151096585
00:02:37,22.20211293380697,32.238961256220406,32.238961256220406,32.238961256220406,32.238961256220406,32.45655078081493,32.45655078081493,32.45655078081493,32.45655078081493
00:02:38,22.19262603350229,32.30222404135176,32.30222404135176,32.30222404135176,32.30222404135176,32.519785277136506,32.519785277136506,32.519785277136506,32.519785277136506
00:02:39,22.230573841449726,32.33933575939926,32.33933575939926,32.33933575939926,32.33933575939926,32.677696537486106,32.677696537486106,32.677696537486106,32.677696537486106
00:02:40,22.2210868377803,32.37841035639169,32.37841035639169,32.37841035639169,32.37841035639169,32.716743979901224,32.716743979901224,32.716743979901224,32.716743979901224
00:02:41,22.2210868377803,32.52343927992516,32.52343927992516,32.52343927992516,32.52343927992516,32.789213463203865,32.789213463203865,32.789213463203865,32.789213463203865
00:02:42,22.21159986856605,32.44165457809516,32.44165457809516,32.44165457809516,32.44165457809516,32.75578850661623,32.75578850661623,32.75578850661623,32.75578850661623
00:02:43,22.25903505919248,32.294637592705584,32.294637592705584,32.294637592705584,32.294637592705584,32.608866395565755,32.608866395565755,32.608866395565755,32.608866395565755
00:02:44,22.21159986856605,32.05474955847221,32.05474955847221,32.05474955847221,32.05474955847221,32.29660126876154,32.29660126876154,32.29660126876154,32.29660126876154
00:02:45,22.21159986856605,31.812777416440454,31.812777416440454,31.812777416440454,31.812777416440454,31.909580738984552,31.909580738984552,31.909580738984552,31.909580738984552
00:02:46,22.230573841449726,31.443961125748462,31.443961125748462,31.443961125748462,31.443961125748462,31.6376956004642,31.6376956004642,31.6376956004642,31.6376956004642
00:02:47,22.249547952155623,31.196050324725803,31.196050324725803,31.196050324725803,31.196050324725803,31.268746982957122,31.268746982957122,31.268746982957122,31.268746982957122
00:02:48,22.230573841449726,30.813788762827084,30.813788762827084,30.813788762827084,30.813788762827084,31.05625977919572,31.05625977919572,31.05625977919572,31.05625977919572
00:02:49,22.230573841449726,30.74102376535678,30.74102376535678,30.74102376535678,30.74102376535678,31.201684135579246,31.201684135579246,31.201684135579246,31.201684135579246
00:02:50,22.230573841449726,30.935039451231084,30.935039451231084,30.935039451231084,30.935039451231084,31.347064859744766,31.347064859744766,31.347064859744766,31.347064859744766
00:02:51,22.249547952155623,31.09910447726562,31.09910447726562,31.09910447726562,31.09910447726562,31.46255145268274,31.46255145268274,31.46255145268274,31.46255145268274
00:02:52,22.21159986856605,31.183084663242283,31.183084663242283,31.183084663242283,31.183084663242283,31.522251569568724,31.522251569568724,31.522251569568724,31.522251569568724
00:02:53,22.2210868377803,31.16814955431608,31.16814955431608,31.16814955431608,31.16814955431608,31.701036083690425,31.701036083690425,31.701036083690425,31.701036083690425
00:02:54,22.240060879574706,31.356361862314706,31.356361862314706,31.356361862314706,31.356361862314706,31.79223436482122,31.79223436482122,31.79223436482122,31.79223436482122
00:02:55,22.21159986856605,31.49803322830481,31.49803322830481,31.49803322830481,31.49803322830481,31.812777416440454,31.812777416440454,31.812777416440454,31.812777416440454
00:02:56,22.2210868377803,31.483107819716786,31.483107819716786,31.483107819716786,31.483107819716786,31.967260041690803,31.967260041690803,31.967260041690803,31.967260041690803
00:02:57,22.230573841449726,31.58926923457766,31.58926923457766,31.58926923457766,31.58926923457766,32.04912478308368,32.04912478308368,32.04912478308368,32.04912478308368
00:02:58,22.21159986856605,31.667536233445222,31.667536233445222,31.667536233445222,31.667536233445222,32.07894014534145,32.07894014534145,32.07894014534145,32.07894014534145
00:02:59,22.183139167652012,31.71229535713712,31.71229535713712,31.71229535713712,31.71229535713712,32.19621923338617,32.19621923338617,32.19621923338617,32.19621923338617
00:03:00,22.21159986856605,31.764368517076164,31.764368517076164,31.764368517076164,31.764368517076164,32.224058388072635,32.224058388072635,32.224058388072635,32.224058388072635
00:03:01,22.20211293380697,31.82769290443249,31.82769290443249,31.82769290443249,31.82769290443249,32.311501913896485,32.311501913896485,32.311501913896485,32.311501913896485
00:03:02,22.173652336255753,31.945033293343204,31.945033293343204,31.945033293343204,31.945033293343204,32.30784760875338,32.30784760875338,32.30784760875338,32.30784760875338
00:03:03,22.164165539313124,31.935749068041545,31.935749068041545,31.935749068041545,31.935749068041545,32.44362303361291,32.44362303361291,32.44362303361291,32.44362303361291
00:03:04,22.164165539313124,32.00833499018004,32.00833499018004,32.00833499018004,32.00833499018004,32.371102079119126,32.371102079119126,32.371102079119126,32.371102079119126
00:03:05,22.145192048787997,32.06234727920064,32.06234727920064,32.06234727920064,32.06234727920064,32.30419521058476,32.30419521058476,32.30419521058476,32.30419521058476
00:03:06,22.145192048787997,31.86878223859849,31.86878223859849,31.86878223859849,31.86878223859849,32.15910089056857,32.15910089056857,32.15910089056857,32.15910089056857
00:03:07,22.173652336255753,31.19435683038501,31.19435683038501,31.19435683038501,31.19435683038501,31.58194778441582,31.58194778441582,31.58194778441582,31.58194778441582
00:03:08,22.164165539313124,30.797149531010703,30.797149531010703,30.797149531010703,30.797149531010703,31.306216015186966,31.306216015186966,31.306216015186966,31.306216015186966
00:03:09,22.145192048787997,30.4145764899677,30.4145764899677,30.4145764899677,30.4145764899677,31.11798767432896,31.11798767432896,31.11798767432896,31.11798767432896
00:03:10,22.164165539313124,30.093271173138877,30.093271173138877,30.093271173138877,30.093271173138877,30.894155846076554,30.894155846076554,30.894155846076554,30.894155846076554
00:03:11,22.164165539313124,29.801710844630122,29.801710844630122,29.801710844630122,29.801710844630122,30.67586428304132,30.67586428304132,30.67586428304132,30.67586428304132
00:03:12,22.154678776824127,29.500643298933078,29.500643298933078,29.500643298933078,29.500643298933078,30.39961613140876,30.39961613140876,30.39961613140876,30.39961613140876
00:03:13,22.135705355205115,29.165715761008318,29.165715761008318,29.165715761008318,29.165715761008318,30.11389162133836,30.11389162133836,30.11389162133836,30.11389162133836
00:03:14,22.145192048787997,28.93163443768679,28.93163443768679,28.93163443768679,28.93163443768679,29.928868274572086,29.928868274572086,29.928868274572086,29.928868274572086
00:03:15,22.145192048787997,28.7124526344238,28.7124526344238,28.7124526344238,28.7124526344238,29.66152025336732,29.66152025336732,29.66152025336732,29.66152025336732
00:03:16,22.12621869607433,28.42572572969971,28.42572572969971,28.42572572969971,28.42572572969971,29.472650935588963,29.472650935588963,29.472650935588963,29.472650935588963
00:03:17,22.12621869607433,28.157540882468886,28.157540882468886,28.157540882468886,28.157540882468886,29.278046562685848,29.278046562685848,29.278046562685848,29.278046562685848
00:03:18,22.135705355205115,28.020554196050956,28.020554196050956,28.020554196050956,28.020554196050956,29.09270180168825,29.09270180168825,29.09270180168825,29.09270180168825
00:03:19,22.088272404071354,27.7297305692285,27.7297305692285,27.7297305692285,27.7297305692285,28.85123366524056,28.85123366524056,28.85123366524056,28.85123366524056
00:03:20,22.097758925394917,27.519367011778975,27.519367011778975,27.519367011778975,27.519367011778975,28.64136139354388,28.64136139354388,28.64136139354388,28.64136139354388
00:03:21,22.12621869607433,27.327656156646743,27.327656156646743,27.327656156646743,27.327656156646743,28.498841055738584,28.498841055738584,28.498841055738584,28.498841055738584
00:03:22,22.07878591719912,27.085298601758776,27.085298601758776,27.085298601758776,27.085298601758776,28.28145690058821,28.28145690058821,28.28145690058821,28.28145690058821
00:03:23,22.040840314213437,26.901108606605543,26.901108606605543,26.901108606605543,26.901108606605543,28.073335620251605,28.073335620251605,28.073335620251605,28.073335620251605
00:03:24,22.040840314213437,26.72991853848631,26.72991853848631,26.72991853848631,26.72991853848631,27.951362425946822,27.951362425946822,27.951362425946822,27.951362425946822
00:03:25,21.95546472276422,26.49867009636215,26.49867009636215,26.49867009636215,26.49867009636215,27.720703955564574,27.720703955564574,27.720703955564574,27.720703955564574
00:03:26,21.889063414003,26.310584393367137,26.310584393367137,26.310584393367137,26.310584393367137,27.435412463319686,27.435412463319686,27.435412463319686,27.435412463319686
00:03:27,21.90803504427803,26.059995366440184,26.059995366440184,26.059995366440184,26.059995366440184,27.283150384206586,27.283150384206586,27.283150384206586,27.283150384206586
00:03:28,21.95546472276422,26.057971257153017,26.057971257153017,26.057971257153017,26.057971257153017,27.18339381666472,27.18339381666472,27.18339381666472,27.18339381666472
00:03:29,21.95546472276422,25.910981046118135,25.910981046118135,25.910981046118135,25.910981046118135,27.036749893006768,27.036749893006768,27.036749893006768,27.036749893006768
00:03:30,21.97443683528399,25.75823485440122,25.75823485440122,25.75823485440122,25.75823485440122,26.88436383472333,26.88436383472333,26.88436383472333,26.88436383472333
00:03:31,22.050326663284984,25.710888661876403,25.710888661876403,25.710888661876403,25.710888661876403,26.788217591885434,26.788217591885434,26.788217591885434,26.788217591885434
00:03:32,22.07878591719912,25.616525792648822,25.616525792648822,25.616525792648822,25.616525792648822,26.6940677623981,26.6940677623981,26.6940677623981,26.6940677623981
00:03:33,22.07878591719912,25.46939918510546,25.46939918510546,25.46939918510546,25.46939918510546,26.59620995686954,26.59620995686954,26.59620995686954,26.59620995686954
00:03:34,22.145192048787997,25.412632740267743,25.412632740267743,25.412632740267743,25.412632740267743,26.490635395638375,26.490635395638375,26.490635395638375,26.490635395638375
00:03:35,22.164165539313124,25.382397890391214,25.382397890391214,25.382397890391214,25.382397890391214,26.38704149157737,26.38704149157737,26.38704149157737,26.38704149157737
00:03:36,22.173652336255753,25.244613437996158,25.244613437996158,25.244613437996158,25.244613437996158,26.298514494617198,26.298514494617198,26.298514494617198,26.298514494617198
00:03:37,22.21159986856605,25.184123924676477,25.184123924676477,25.184123924676477,25.184123924676477,26.189185595236943,26.189185595236943,26.189185595236943,26.189185595236943
00:03:38,22.268522200686046,25.09338175985998,25.09338175985998,25.09338175985998,25.09338175985998,26.14761739162902,26.14761739162902,26.14761739162902,26.14761739162902
00:03:39,22.268522200686046,25.04429061513396,25.04429061513396,25.04429061513396,25.04429061513396,26.049647393928534,26.049647393928534,26.049647393928534,26.049647393928534
00:03:40,22.30647111123048,24.959233715536612,24.959233715536612,24.959233715536612,24.959233715536612,26.013766351548306,26.013766351548306,26.013766351548306,26.013766351548306
00:03:41,22.344420573101857,24.898720073527745,24.898720073527745,24.898720073527745,24.898720073527745,25.953386755839404,25.953386755839404,25.953386755839404,25.953386755839404
00:03:42,22.36339551079145,24.893016968058536,24.893016968058536,24.893016968058536,24.893016968058536,25.9231953954509,25.9231953954509,25.9231953954509,25.9231953954509
00:03:43,22.353908024716954,24.68710913677404,24.68710913677404,24.68710913677404,24.68710913677404,25.864783301511387,25.864783301511387,25.864783301511387,25.864783301511387
00:03:44,22.372883031325348,24.681403924742757,24.681403924742757,24.681403924742757,24.681403924742757,25.785572076302497,25.785572076302497,25.785572076302497,25.785572076302497
00:03:45,22.410833458066083,24.669995917948906,24.669995917948906,24.669995917948906,24.669995917948906,25.749680725781985,25.749680725781985,25.749680725781985,25.749680725781985
00:03:46,22.382370586319794,24.51884728207411,24.51884728207411,24.51884728207411,24.51884728207411,25.623392854017396,25.623392854017396,25.623392854017396,25.623392854017396
00:03:47,22.401345799689974,24.439412629927258,24.439412629927258,24.439412629927258,24.439412629927258,25.544142749179763,25.544142749179763,25.544142749179763,25.544142749179763
00:03:48,22.42032115090352,24.40912753728134,24.40912753728134,24.40912753728134,24.40912753728134,25.489404806824954,25.489404806824954,25.489404806824954,25.489404806824954
00:03:49,22.42032115090352,24.310798440914585,24.310798440914585,24.310798440914585,24.310798440914585,25.342238862634172,25.342238862634172,25.342238862634172,25.342238862634172
00:03:50,22.42032115090352,24.28621297843897,24.28621297843897,24.28621297843897,24.28621297843897,25.26863880395913,25.26863880395913,25.26863880395913,25.26863880395913
00:03:51,22.42032115090352,24.212448935186632,24.212448935186632,24.212448935186632,24.212448935186632,25.17048765904462,25.17048765904462,25.17048765904462,25.17048765904462
00:03:52,22.429808878202657,24.17270835057333,24.17270835057333,24.17270835057333,24.17270835057333,25.17990945942501,25.17990945942501,25.17990945942501,25.17990945942501
00:03:53,22.410833458066083,24.104636228782194,24.104636228782194,24.104636228782194,24.104636228782194,25.11198174016244,25.11198174016244,25.11198174016244,25.11198174016244
00:03:54,22.429808878202657,24.049732424348434,24.049732424348434,24.049732424348434,24.049732424348434,25.008099556356395,25.008099556356395,25.008099556356395,25.008099556356395
00:03:55,22.429808878202657,24.049732424348434,24.049732424348434,24.049732424348434,24.049732424348434,24.909894555235404,24.909894555235404,24.909894555235404,24.909894555235404
00:03:56,22.391858175774416,23.888937795700645,23.888937795700645,23.888937795700645,23.888937795700645,24.847629733436694,24.847629733436694,24.847629733436694,24.847629733436694
00:03:57,22.401345799689974,23.799949215529924,23.799949215529924,23.799949215529924,23.799949215529924,24.734258786556026,24.734258786556026,24.734258786556026,24.734258786556026
00:03:58,22.410833458066083,23.83400808775548,23.83400808775548,23.83400808775548,23.83400808775548,24.669995917948906,24.669995917948906,24.669995917948906,24.669995917948906
00:03:59,22.391858175774416,23.7658881100752,23.7658881100752,23.7658881100752,23.7658881100752,24.552854062031415,24.552854062031415,24.552854062031415,24.552854062031415
00:04:00,22.401345799689974,23.652257965209696,23.652257965209696,23.652257965209696,23.652257965209696,24.488566388990716,24.488566388990716,24.488566388990716,24.488566388990716
00:04:01,22.401345799689974,23.603017296534976,23.603017296534976,23.603017296534976,23.603017296534976,24.414833838949505,24.414833838949505,24.414833838949505,24.414833838949505
00:04:02,22.382370586319794,23.608734199977302,23.608734199977302,23.608734199977302,23.608734199977302,24.39596117723257,24.39596117723257,24.39596117723257,24.39596117723257
00:04:03,22.36339551079145,23.442073337772758,23.442073337772758,23.442073337772758,23.442073337772758,24.2295773666409,24.2295773666409,24.2295773666409,24.2295773666409
00:04:04,22.372883031325348,23.40226666804736,23.40226666804736,23.40226666804736,23.40226666804736,24.239016558480557,24.239016558480557,24.239016558480557,24.239016558480557
00:04:05,22.36339551079145,23.36817755442246,23.36817755442246,23.36817755442246,23.36817755442246,24.13121099454277,24.13121099454277,24.13121099454277,24.13121099454277
00:04:06,22.334933155945777,23.290535312803435,23.290535312803435,23.290535312803435,23.290535312803435,24.053693929633226,24.053693929633226,24.053693929633226,24.053693929633226
00:04:07,22.344420573101857,23.250715213391615,23.250715213391615,23.250715213391615,23.250715213391615,24.013938048957222,24.013938048957222,24.013938048957222,24.013938048957222
00:04:08,22.344420573101857,23.22607458965272,23.22607458965272,23.22607458965272,23.22607458965272,23.940131577241544,23.940131577241544,23.940131577241544,23.940131577241544
00:04:09,22.325445773249097,23.133224526102044,23.133224526102044,23.133224526102044,23.133224526102044,23.82281215025243,23.82281215025243,23.82281215025243,23.82281215025243
00:04:10,22.30647111123048,23.06500739281331,23.06500739281331,23.06500739281331,23.06500739281331,23.803919381660723,23.803919381660723,23.803919381660723,23.803919381660723
00:04:11,22.230573841449726,22.94000940744825,22.94000940744825,22.94000940744825,22.94000940744825,23.65449847800125,23.65449847800125,23.65449847800125,23.65449847800125
00:04:12,21.756265859749654,22.39290288151221,22.39290288151221,22.39290288151221,22.39290288151221,23.108220128349213,23.108220128349213,23.108220128349213,23.108220128349213
00:04:13,22.25903505919248,22.89442524457585,22.89442524457585,22.89442524457585,22.89442524457585,23.559738050752017,23.559738050752017,23.559738050752017,23.559738050752017
00:04:14,22.21159986856605,22.74845374012912,22.74845374012912,22.74845374012912,22.74845374012912,23.463232505792902,23.463232505792902,23.463232505792902,23.463232505792902
00:04:15,22.154678776824127,22.71633104737772,22.71633104737772,22.71633104737772,22.71633104737772,23.406527208926217,23.406527208926217,23.406527208926217,23.406527208926217
00:04:16,22.07878591719912,22.566593589656716,22.566593589656716,22.566593589656716,22.566593589656716,23.281647656913165,23.281647656913165,23.281647656913165,23.281647656913165
00:04:17,22.07878591719912,22.566593589656716,22.566593589656716,22.566593589656716,22.566593589656716,23.232368351745553,23.232368351745553,23.232368351745553,23.232368351745553
00:04:18,22.097758925394917,22.51149534197354,22.51149534197354,22.51149534197354,22.51149534197354,23.201990988821453,23.201990988821453,23.201990988821453,23.201990988821453
00:04:19,22.069299464777057,22.532450846738083,22.532450846738083,22.532450846738083,22.532450846738083,23.148985758526813,23.148985758526813,23.148985758526813,23.148985758526813
00:04:20,22.07878591719912,22.41851588782451,22.41851588782451,22.41851588782451,22.41851588782451,23.109147583736302,23.109147583736302,23.109147583736302,23.109147583736302
00:04:21,22.107245481169805,22.446922574170355,22.446922574170355,22.446922574170355,22.446922574170355,23.088218346213477,23.088218346213477,23.088218346213477,23.088218346213477
00:04:22,22.12621869607433,22.46586051008334,22.46586051008334,22.46586051008334,22.46586051008334,23.08248242649017,23.08248242649017,23.08248242649017,23.08248242649017
00:04:23,22.145192048787997,22.43543592959638,22.43543592959638,22.43543592959638,22.43543592959638,23.07674731333455,23.07674731333455,23.07674731333455,23.07674731333455
00:04:24,22.183139167652012,22.399268657240427,22.399268657240427,22.399268657240427,22.399268657240427,23.08992852429145,23.08992852429145,23.08992852429145,23.08992852429145
00:04:25,22.21159986856605,22.37831512573561,22.37831512573561,22.37831512573561,22.37831512573561,23.118302022587972,23.118302022587972,23.118302022587972,23.118302022587972
00:04:26,22.268522200686046,22.459834016755153,22.459834016755153,22.459834016755153,22.459834016755153,23.101112241756763,23.101112241756763,23.101112241756763,23.101112241756763
00:04:27,22.30647111123048,22.39899615824305,22.39899615824305,22.39899615824305,22.39899615824305,23.089656424156626,23.089656424156626,23.089656424156626,23.089656424156626
00:04:28,22.344420573101857,22.412211255467145,22.412211255467145,22.412211255467145,22.412211255467145,23.127499234049317,23.127499234049317,23.127499234049317,23.127499234049317
00:04:29,22.391858175774416,22.484267934442112,22.484267934442112,22.484267934442112,22.484267934442112,23.125512956256276,23.125512956256276,23.125512956256276,23.125512956256276
00:04:30,21.945978718174405,22.063688322597915,22.063688322597915,22.063688322597915,22.063688322597915,22.656165943821886,22.656165943821886,22.656165943821886,22.656165943821886
00:04:31,21.851120566786957,22.215966526528053,22.215966526528053,22.215966526528053,22.215966526528053,22.56155730574183,22.56155730574183,22.56155730574183,22.56155730574183
00:04:32,21.832149349840943,21.950015345147676,21.950015345147676,21.950015345147676,21.950015345147676,22.46859912935951,22.46859912935951,22.46859912935951,22.46859912935951
00:04:33,21.82266379303262,21.965250708457,21.965250708457,21.965250708457,21.965250708457,22.385087074123668,22.385087074123668,22.385087074123668,22.385087074123668
00:04:34,21.794207329261784,21.91212526575808,21.91212526575808,21.91212526575808,21.91212526575808,22.406067272153912,22.406067272153912,22.406067272153912,22.406067272153912
00:04:35,21.889063414003,22.00685131965105,22.00685131965105,22.00685131965105,22.00685131965105,22.426650598368244,22.426650598368244,22.426650598368244,22.426650598368244
00:04:36,21.927006812334522,21.99533374156523,21.99533374156523,21.99533374156523,21.99533374156523,22.439826313473652,22.439826313473652,22.439826313473652,22.439826313473652
00:04:37,21.898549211917928,21.94220445936545,21.94220445936545,21.94220445936545,21.94220445936545,22.411431696308277,22.411431696308277,22.411431696308277,22.411431696308277
00:04:38,21.927006812334522,21.970627395891775,21.970627395891775,21.970627395891775,21.970627395891775,22.415143287397104,22.415143287397104,22.415143287397104,22.415143287397104
00:04:39,22.002895262420516,22.021719487150058,22.021719487150058,22.021719487150058,22.021719487150058,22.490867509404026,22.490867509404026,22.490867509404026,22.490867509404026
00:04:40,21.97443683528399,21.919171120463496,21.919171120463496,21.919171120463496,21.919171120463496,22.413105736293343,22.413105736293343,22.413105736293343,22.413105736293343
00:04:41,21.9364927480313,21.8565530548292,21.8565530548292,21.8565530548292,21.8565530548292,22.35055336178916,22.35055336178916,22.35055336178916,22.35055336178916
00:04:42,22.03135399959168,22.025441392059264,22.025441392059264,22.025441392059264,22.025441392059264,22.42054135710888,22.42054135710888,22.42054135710888,22.42054135710888
00:04:43,22.03135399959168,21.951323206141776,21.951323206141776,21.951323206141776,21.951323206141776,22.371171989980606,22.371171989980606,22.371171989980606,22.371171989980606
00:04:44,21.964950761800363,21.860271657803896,21.860271657803896,21.860271657803896,21.860271657803896,22.304891747639118,22.304891747639118,22.304891747639118,22.304891747639118
00:04:45,22.02186771941894,21.843001650236634,21.843001650236634,21.843001650236634,21.843001650236634,22.33701617648399,22.33701617648399,22.33701617648399,22.33701617648399
00:04:46,22.069299464777057,21.915108172822233,21.915108172822233,21.915108172822233,21.915108172822233,22.310300729987283,22.310300729987283,22.310300729987283,22.310300729987283
00:04:47,21.99340908559368,21.839278959858415,21.839278959858415,21.839278959858415,21.839278959858415,22.234535184196176,22.234535184196176,22.234535184196176,22.234535184196176
00:04:48,21.97443683528399,21.74617141566399,21.74617141566399,21.74617141566399,21.74617141566399,22.264979766391797,22.264979766391797,22.264979766391797,22.264979766391797
00:04:49,22.050326663284984,21.82201213269448,21.82201213269448,21.82201213269448,21.82201213269448,22.266668361357773,22.266668361357773,22.266668361357773,22.266668361357773
00:04:50,22.03135399959168,21.8030517831507,21.8030517831507,21.8030517831507,21.8030517831507,22.24772592388294,22.24772592388294,22.24772592388294,22.24772592388294
00:04:51,21.964950761800363,21.736691453644305,21.736691453644305,21.736691453644305,21.736691453644305,22.132033851918774,22.132033851918774,22.132033851918774,22.132033851918774
00:04:52,22.012381473695218,21.784091547184374,21.784091547184374,21.784091547184374,21.784091547184374,22.15469744078354,22.15469744078354,22.15469744078354,22.15469744078354
00:04:53,22.03135399959168,21.77833533289751,21.77833533289751,21.77833533289751,21.77833533289751,22.173642744569214,22.173642744569214,22.173642744569214,22.173642744569214
00:04:54,21.964950761800363,21.687250273598213,21.687250273598213,21.687250273598213,21.687250273598213,22.05793245785479,22.05793245785479,22.05793245785479,22.05793245785479
00:04:55,21.9364927480313,21.609358190207526,21.609358190207526,21.609358190207526,21.609358190207526,21.955394619374868,21.955394619374868,21.955394619374868,21.955394619374868
00:04:56,21.99340908559368,21.69097219197332,21.69097219197332,21.69097219197332,21.69097219197332,22.01224442033136,22.01224442033136,22.01224442033136,22.01224442033136
00:04:57,21.95546472276422,21.628321962945847,21.628321962945847,21.628321962945847,21.628321962945847,22.023755442217613,22.023755442217613,22.023755442217613,22.023755442217613
00:04:58,21.87957765053248,21.577195880641035,21.577195880641035,21.577195880641035,21.577195880641035,21.824407656952957,21.824407656952957,21.824407656952957,21.824407656952957
00:04:59,21.9364927480313,21.559903610177027,21.559903610177027,21.559903610177027,21.559903610177027,21.930686175702405,21.930686175702405,21.930686175702405,21.930686175702405
00:05:00,21.927006812334522,21.575149207813045,21.575149207813045,21.575149207813045,21.575149207813045,21.87178903313182,21.87178903313182,21.87178903313182,21.87178903313182
00:05:01,21.860606226925032,21.508773594182358,21.508773594182358,21.508773594182358,21.508773594182358,21.830170329857662,21.830170329857662,21.830170329857662,21.830170329857662
00:05:02,21.87957765053248,21.503006978666836,21.503006978666836,21.503006978666836,21.503006978666836,21.824407656952957,21.824407656952957,21.824407656952957,21.824407656952957
00:05:03,21.898549211917928,21.521972410019785,21.521972410019785,21.521972410019785,21.521972410019785,21.76921323074135,21.76921323074135,21.76921323074135,21.76921323074135
00:05:04,21.832149349840943,21.430859156528005,21.430859156528005,21.430859156528005,21.430859156528005,21.702869634886984,21.702869634886984,21.702869634886984,21.702869634886984
00:05:05,21.803692782743425,21.377672605513098,21.377672605513098,21.377672605513098,21.377672605513098,21.649713874836817,21.649713874836817,21.649713874836817,21.649713874836817
00:05:06,21.870091921506745,21.493524305136653,21.493524305136653,21.493524305136653,21.493524305136653,21.716060366352988,21.716060366352988,21.716060366352988,21.716060366352988
00:05:07,21.84163494109252,21.39086983695919,21.39086983695919,21.39086983695919,21.39086983695919,21.662903465293333,21.662903465293333,21.662903465293333,21.662903465293333
00:05:08,21.78472191022224,21.33396589690837,21.33396589690837,21.33396589690837,21.33396589690837,21.606032475485897,21.606032475485897,21.606032475485897,21.606032475485897
